sequence,label
HN,1
QF,1
EFF,1
FLF,1
FYL,1
LQS,1
NER,1
QCM,1
VLL,1
VLY,1
YLF,1
FAPF,1
FDLS,1
LELL,1
LENS,1
LGFL,1
LRLL,1
VDAY,1
VEEP,1
VEFP,1
VLLF,1
YVGW,1
ADWPR,1
AWIQP,1
HCLPY,1
LDDWR,1
SFEFR,1
SFRAN,1
VLRDF,1
AEFAER,1
APDNRF,1
ELFEPT,1
FSDKIA,1
QKNSHQ,1
SFIPLI,1
DERFFSD,1
ITGGKDF,1
RVEVNIL,1
SPLESLF,1
WPEMDAL,1
GEEKFNTY,1
LGPDPTGR,1
PEVPVHFD,1
RVPAGTTY,1
SKKTVDME,1
TRKQALLN,1
DPTEGLRSP,1
AKIDETFPKQ,1
EQFEEEQEAK,1
EVLNENLLRF,1
ITPDEKGTTF,1
LTLTDVENLH,1
PVEGSSGRQV,1
TLGEKMTEEEVDE,1
EKERIEAQNKPFDA,1
HTEVNVPRSGETEEL,1
FE,0
VR,0
CMT,0
DDL,0
ECH,0
GAG,0
LDF,0
TGC,0
VGV,0
VPE,0
WDL,0
DATE,0
DERF,0
ERRY,0
FDSL,0
GGGG,0
KCGQ,0
NMKF,0
NNAL,0
FDRL,0
PPPP,0
YGDG,0
DDLDR,0
EDEDE,0
FNKEE,0
HEWQH,0
LAKVH,0
TMTQR,0
VAQWR,0
DNEDTP,0
FREGDL,0
HVKELE,0
RDNPHW,0
RPLGNC,0
RWDGRG,0
DAPASGN,0
DEGDLDF,0
DWDPHGL,0
EYPPLGR,0
TERGYSF,0
AFTSYDRT,0
EALEATAQ,0
GIQKELQF,0
HGDWPLPT,0
MDAIKKMQ,0
NEFGYSNR,0
LDSPATPEK,0
DEGEQPRPFP,0
EQYEEEQEAK,0
KDLFDPVIQD,0
PFGNTHNNFK,0
SEETTTGVHH,0
SFEAVEAAPT,0
TVATFSSSTKPDD,0
DQEDDLDESLIGVK,0
HQGLPQEVLNENLLR,0
